id,username,email,created_at
1,goldharvest49,goldharvest49@acme.dev,2026-01-02 02:58:53
2,dawngarden97,dawngarden97@hackstack.io,2024-02-04 00:13:17
3,quietanchor86,quietanchor86@seeded.app,2024-08-03 18:17:00
4,warmriver65,warmriver65@example.com,2024-06-29 14:01:42
5,cobaltlagoon11,cobaltlagoon11@relay.cloud,2025-10-19 12:53:50
6,navyuplink41,navyuplink41@seeded.app,2025-09-12 18:14:07
7,silverpioneer29,silverpioneer29@acme.dev,2025-04-08 08:05:11
8,livelyvalley65,livelyvalley65@relay.cloud,2025-08-04 23:13:38
9,quietisland16,quietisland16@relay.cloud,2025-07-11 00:47:29
10,emberwindow13,emberwindow13@opswise.net,2024-03-19 14:39:03
11,warmvalley18,warmvalley18@hackstack.io,2025-01-18 22:21:54
12,calmpioneer35,calmpioneer35@opswise.net,2025-06-23 13:40:56
13,jadetrail54,jadetrail54@opswise.net,2025-04-02 23:41:03
14,jadeorbit68,jadeorbit68@example.com,2025-02-19 18:09:00
15,rapidtrail78,rapidtrail78@seeded.app,2025-07-09 09:19:58
16,urbanjourney66,urbanjourney66@seeded.app,2024-09-04 17:07:48
17,emberzenith43,emberzenith43@seeded.app,2024-11-27 09:40:22
18,keenriver40,keenriver40@example.com,2025-03-29 20:53:15
19,clearfield28,clearfield28@acme.dev,2025-06-10 14:59:52
20,tidyanchor34,tidyanchor34@acme.dev,2024-05-19 20:41:09
21,amberanchor05,amberanchor05@relay.cloud,2024-04-27 13:36:04
22,navynetwork87,navynetwork87@acme.dev,2025-01-05 19:22:51
23,calmfield80,calmfield80@relay.cloud,2025-01-26 23:34:36
24,clearuplink60,clearuplink60@example.com,2026-01-17 19:42:45
25,clearanchor79,clearanchor79@example.com,2025-10-20 19:04:05
26,quietgarden83,quietgarden83@seeded.app,2024-05-21 02:57:24
27,silverwindow02,silverwindow02@acme.dev,2024-11-08 19:33:17
28,goldwindow21,goldwindow21@acme.dev,2024-12-19 21:50:25
29,livelyengine03,livelyengine03@seeded.app,2025-08-01 03:50:56
30,dawnlagoon12,dawnlagoon12@acme.dev,2024-03-11 14:24:57
31,jadesignal04,jadesignal04@relay.cloud,2024-07-02 19:54:32
32,cobaltjourney11,cobaltjourney11@example.com,2025-05-13 03:57:08
33,urbansignal76,urbansignal76@opswise.net,2024-10-03 06:34:11
34,livelyfield24,livelyfield24@seeded.app,2026-01-10 18:46:24
35,rapidnetwork11,rapidnetwork11@opswise.net,2025-01-01 22:49:08
36,mellowriver48,mellowriver48@seeded.app,2024-11-13 22:03:22
37,navypioneer86,navypioneer86@example.com,2024-06-10 01:33:19
38,tidysignal25,tidysignal25@acme.dev,2024-05-15 02:07:39
39,ambernetwork97,ambernetwork97@seeded.app,2024-07-27 16:50:39
40,jadeyard43,jadeyard43@opswise.net,2024-04-23 22:32:15
41,calmvalley52,calmvalley52@relay.cloud,2025-02-19 23:17:23
42,jadegarden50,jadegarden50@relay.cloud,2024-02-15 20:24:40
43,ivoryzenith74,ivoryzenith74@acme.dev,2025-02-08 21:33:18
44,silverjourney97,silverjourney97@opswise.net,2025-06-21 09:25:23
45,jadecanyon80,jadecanyon80@relay.cloud,2025-11-07 13:59:50
46,goldyard31,goldyard31@opswise.net,2024-04-05 05:14:31
47,silverisland78,silverisland78@seeded.app,2024-07-21 20:22:31
48,opalharvest76,opalharvest76@hackstack.io,2025-06-06 13:45:10
49,warmcanyon65,warmcanyon65@acme.dev,2025-04-22 12:41:22
50,livelyorbit29,livelyorbit29@seeded.app,2025-02-16 05:56:31
51,harboruplink73,harboruplink73@seeded.app,2025-08-02 11:15:52
52,embergarden80,embergarden80@hackstack.io,2025-03-23 11:50:52
53,youngnetwork65,youngnetwork65@relay.cloud,2025-09-13 01:58:38
54,harborengine18,harborengine18@opswise.net,2025-06-08 03:02:31
55,clearsignal81,clearsignal81@hackstack.io,2024-02-17 18:14:10
56,livelylagoon28,livelylagoon28@relay.cloud,2024-10-17 11:54:00
57,cobaltyard17,cobaltyard17@acme.dev,2024-01-16 12:41:09
58,warmquartz89,warmquartz89@seeded.app,2025-08-19 11:42:39
59,livelyzenith12,livelyzenith12@acme.dev,2024-07-27 16:33:26
60,forestengine06,forestengine06@acme.dev,2025-06-03 18:11:53
61,vividwindow64,vividwindow64@opswise.net,2024-07-09 11:29:55
62,keenjourney84,keenjourney84@example.com,2025-02-27 11:05:35
63,rapiduplink05,rapiduplink05@example.com,2025-11-23 09:30:16
64,tidyengine96,tidyengine96@seeded.app,2024-12-06 10:47:49
65,livelydelta67,livelydelta67@seeded.app,2024-03-19 08:33:00
66,keenjourney28,keenjourney28@hackstack.io,2025-10-07 04:54:31
67,silverkernel96,silverkernel96@acme.dev,2025-11-05 10:36:54
68,keenwindow31,keenwindow31@opswise.net,2025-01-04 20:35:50
69,prouddelta44,prouddelta44@relay.cloud,2024-09-08 20:58:15
70,calmdelta02,calmdelta02@seeded.app,2024-01-24 05:25:18
71,jadequartz11,jadequartz11@seeded.app,2025-06-24 16:46:56
72,silverriver60,silverriver60@hackstack.io,2024-04-08 08:38:50
73,vividpioneer23,vividpioneer23@seeded.app,2025-06-11 02:23:01
74,warmyard99,warmyard99@acme.dev,2025-06-22 21:17:14
75,briskisland54,briskisland54@opswise.net,2025-02-07 06:29:01
76,embergarden82,embergarden82@seeded.app,2024-05-28 11:23:51
77,rapidquartz09,rapidquartz09@acme.dev,2024-03-29 08:57:27
78,emberisland32,emberisland32@acme.dev,2024-04-17 01:19:44
79,mellowisland07,mellowisland07@acme.dev,2024-11-05 14:28:56
80,mellowpioneer84,mellowpioneer84@relay.cloud,2024-10-11 17:58:51
81,harborcanyon42,harborcanyon42@opswise.net,2024-02-22 12:58:01
82,ivoryquartz93,ivoryquartz93@acme.dev,2024-04-23 15:15:59
83,navycanyon18,navycanyon18@example.com,2024-06-03 21:42:59
84,embervalley83,embervalley83@seeded.app,2024-07-04 10:22:33
85,opalwindow99,opalwindow99@hackstack.io,2024-06-22 17:48:51
86,briskdelta92,briskdelta92@opswise.net,2024-03-31 06:55:19
87,navyzenith64,navyzenith64@acme.dev,2025-12-03 11:31:40
88,ambervalley97,ambervalley97@hackstack.io,2025-12-31 10:15:33
89,golddelta62,golddelta62@acme.dev,2025-04-28 22:54:41
90,forestlagoon73,forestlagoon73@example.com,2024-10-11 19:11:48
91,harbormeadow31,harbormeadow31@relay.cloud,2025-09-13 12:51:47
92,goldkernel35,goldkernel35@opswise.net,2024-07-08 16:21:00
93,cobaltuplink56,cobaltuplink56@seeded.app,2025-02-16 02:36:07
94,tidykernel00,tidykernel00@opswise.net,2024-08-03 03:14:22
95,navynetwork15,navynetwork15@relay.cloud,2025-03-10 03:29:33
96,quietriver75,quietriver75@example.com,2024-05-30 17:28:47
97,warmmeadow43,warmmeadow43@hackstack.io,2024-02-27 01:00:31
98,rapiduplink38,rapiduplink38@hackstack.io,2024-03-01 16:52:56
99,vividsignal26,vividsignal26@acme.dev,2024-05-11 00:14:39
100,goldquartz80,goldquartz80@opswise.net,2024-11-28 11:16:58
101,silverlagoon22,silverlagoon22@opswise.net,2024-01-29 18:40:02
102,harborvalley49,harborvalley49@opswise.net,2025-06-24 05:40:39
103,vividanchor84,vividanchor84@hackstack.io,2024-10-17 21:31:29
104,emberuplink00,emberuplink00@seeded.app,2025-10-05 03:09:07
105,warmdelta37,warmdelta37@acme.dev,2024-02-14 01:24:23
106,youngyard29,youngyard29@opswise.net,2025-01-06 02:36:59
107,youngmeadow08,youngmeadow08@seeded.app,2026-01-02 05:40:30
108,forestfield75,forestfield75@opswise.net,2024-02-28 16:39:16
109,navyvalley25,navyvalley25@seeded.app,2024-11-02 19:24:42
110,livelyzenith95,livelyzenith95@hackstack.io,2024-12-11 05:13:17
111,quietengine58,quietengine58@acme.dev,2025-04-17 07:27:12
112,youngorbit59,youngorbit59@relay.cloud,2024-05-24 12:18:35
113,urbanzenith30,urbanzenith30@example.com,2024-07-19 19:22:58
114,proudgarden92,proudgarden92@seeded.app,2025-12-04 07:45:00
115,goldvalley60,goldvalley60@hackstack.io,2025-03-21 04:10:04
116,silveranchor49,silveranchor49@hackstack.io,2026-01-26 18:27:26
117,dawndelta70,dawndelta70@relay.cloud,2024-03-26 17:24:50
118,cobaltisland74,cobaltisland74@relay.cloud,2025-01-08 12:11:57
119,youngsignal73,youngsignal73@example.com,2024-05-08 06:32:13
120,warmpioneer57,warmpioneer57@example.com,2024-10-21 07:04:27
121,amberlagoon74,amberlagoon74@opswise.net,2024-03-11 21:54:29
122,proudquartz13,proudquartz13@relay.cloud,2024-03-08 11:53:36
123,warmuplink01,warmuplink01@hackstack.io,2024-11-12 14:08:11
124,youngmeadow29,youngmeadow29@acme.dev,2024-11-19 19:31:56
125,forestlagoon12,forestlagoon12@seeded.app,2024-07-09 22:49:10
126,forestuplink67,forestuplink67@example.com,2026-01-16 02:37:08
127,quietsignal14,quietsignal14@opswise.net,2025-08-24 10:24:12
128,goldharvest39,goldharvest39@hackstack.io,2024-07-22 01:22:22
129,livelysignal01,livelysignal01@hackstack.io,2024-10-12 03:39:55
130,silversignal51,silversignal51@relay.cloud,2024-02-16 23:11:04
131,emberriver01,emberriver01@acme.dev,2025-01-17 14:14:45
132,amberpioneer62,amberpioneer62@opswise.net,2025-07-16 07:24:32
133,jadegarden58,jadegarden58@relay.cloud,2024-02-27 04:40:11
134,ambertrail93,ambertrail93@example.com,2025-06-11 10:49:18
135,cobaltmeadow20,cobaltmeadow20@seeded.app,2025-10-07 05:32:41
136,warmriver32,warmriver32@example.com,2025-03-27 23:04:01
137,jadezenith57,jadezenith57@example.com,2025-07-22 18:33:04
138,keenengine45,keenengine45@seeded.app,2024-05-08 07:24:08
139,ivoryharvest51,ivoryharvest51@acme.dev,2024-04-24 04:15:31
140,rapidvalley27,rapidvalley27@hackstack.io,2024-02-26 15:46:01
141,quietisland48,quietisland48@example.com,2024-02-12 15:12:10
142,warmyard13,warmyard13@example.com,2025-04-25 16:59:13
143,cobaltisland91,cobaltisland91@acme.dev,2024-09-06 14:30:31
144,mellowzenith43,mellowzenith43@hackstack.io,2024-01-09 22:42:49
145,silverorbit98,silverorbit98@relay.cloud,2024-05-04 18:53:14
146,forestfield86,forestfield86@seeded.app,2025-02-13 16:28:32
147,tidyjourney66,tidyjourney66@example.com,2024-04-02 15:35:00
148,rapidtrail10,rapidtrail10@example.com,2026-01-23 21:50:39
149,youngbeacon71,youngbeacon71@opswise.net,2025-09-05 08:43:59
150,calmquartz85,calmquartz85@acme.dev,2025-04-17 14:27:15
151,goldmeadow22,goldmeadow22@example.com,2024-03-06 19:27:27
152,proudbeacon18,proudbeacon18@opswise.net,2024-05-07 17:13:43
153,vividyard55,vividyard55@opswise.net,2024-09-20 20:44:27
154,urbanquartz81,urbanquartz81@example.com,2025-09-01 10:16:38
155,emberquartz28,emberquartz28@relay.cloud,2024-10-24 16:33:50
156,forestriver05,forestriver05@example.com,2025-09-01 03:55:42
157,goldisland44,goldisland44@seeded.app,2024-07-18 09:42:56
158,vividfield40,vividfield40@example.com,2025-11-02 17:38:33
159,forestquartz61,forestquartz61@relay.cloud,2025-10-16 22:42:10
160,rapidgarden24,rapidgarden24@seeded.app,2025-04-03 06:52:03
161,clearvalley74,clearvalley74@relay.cloud,2024-11-26 21:39:17
162,tidyfield22,tidyfield22@seeded.app,2025-09-21 03:55:52
163,tidyfield12,tidyfield12@relay.cloud,2025-11-20 01:10:25
164,warmyard33,warmyard33@example.com,2024-08-22 15:37:44
165,goldbeacon44,goldbeacon44@hackstack.io,2024-09-07 03:29:36
166,opalcanyon27,opalcanyon27@seeded.app,2025-07-07 20:25:45
167,ivoryisland77,ivoryisland77@opswise.net,2024-07-03 15:39:23
168,clearzenith94,clearzenith94@hackstack.io,2024-11-16 01:17:58
169,navydelta39,navydelta39@hackstack.io,2024-07-22 16:03:43
170,cleardelta25,cleardelta25@hackstack.io,2024-08-27 07:00:03
171,silverharvest44,silverharvest44@acme.dev,2024-12-31 08:40:11
172,mellowengine57,mellowengine57@relay.cloud,2025-05-19 01:58:45
173,goldvalley51,goldvalley51@relay.cloud,2024-07-09 16:58:18
174,briskengine40,briskengine40@hackstack.io,2025-10-18 03:58:27
175,briskyard72,briskyard72@hackstack.io,2024-02-05 04:56:47
176,briskdelta57,briskdelta57@relay.cloud,2026-01-17 08:05:00
177,cobaltdelta11,cobaltdelta11@example.com,2024-06-05 18:19:02
178,cobaltanchor84,cobaltanchor84@seeded.app,2025-08-25 02:53:46
179,dawnmeadow47,dawnmeadow47@hackstack.io,2025-08-28 05:29:17
180,youngwindow94,youngwindow94@relay.cloud,2025-11-28 21:05:47
181,quietdelta65,quietdelta65@relay.cloud,2025-11-07 12:27:14
182,calmquartz78,calmquartz78@opswise.net,2024-12-18 21:27:02
183,navywindow61,navywindow61@hackstack.io,2024-07-16 11:51:07
184,silverlagoon47,silverlagoon47@acme.dev,2024-09-11 21:40:24
185,goldnetwork15,goldnetwork15@opswise.net,2024-08-13 04:23:51
186,forestisland66,forestisland66@opswise.net,2024-08-20 09:28:16
187,emberriver06,emberriver06@opswise.net,2024-10-30 14:10:43
188,vividuplink14,vividuplink14@example.com,2024-10-31 08:08:36
189,quietnetwork39,quietnetwork39@opswise.net,2024-03-16 18:47:09
190,harbortrail84,harbortrail84@relay.cloud,2024-01-26 02:25:41
191,harborpioneer93,harborpioneer93@example.com,2025-07-10 07:11:05
192,keenvalley37,keenvalley37@opswise.net,2025-02-20 06:50:59
193,urbanmeadow34,urbanmeadow34@relay.cloud,2025-06-07 03:47:44
194,warmriver10,warmriver10@opswise.net,2025-06-16 06:08:50
195,tidyengine36,tidyengine36@acme.dev,2024-03-01 08:48:19
196,urbanuplink28,urbanuplink28@example.com,2024-08-18 01:32:06
197,ivorycanyon45,ivorycanyon45@opswise.net,2024-05-01 02:31:35
198,calmisland65,calmisland65@seeded.app,2025-07-06 06:24:33
199,livelyuplink44,livelyuplink44@opswise.net,2024-01-30 07:53:35
200,ivoryanchor01,ivoryanchor01@hackstack.io,2024-04-30 15:26:21
201,forestharvest40,forestharvest40@hackstack.io,2026-01-27 14:46:14
202,navyvalley17,navyvalley17@opswise.net,2024-08-14 09:35:30
203,harborjourney98,harborjourney98@hackstack.io,2024-01-21 06:38:52
204,harboranchor98,harboranchor98@opswise.net,2024-02-09 14:35:30
205,golduplink82,golduplink82@seeded.app,2024-07-11 23:53:08
206,navyjourney45,navyjourney45@relay.cloud,2024-07-31 05:06:15
207,quietdelta89,quietdelta89@acme.dev,2024-08-28 22:20:11
208,livelyjourney01,livelyjourney01@opswise.net,2024-02-27 19:20:00
209,forestanchor27,forestanchor27@relay.cloud,2024-10-10 23:12:10
210,emberorbit84,emberorbit84@example.com,2024-03-21 03:49:54
211,navyanchor37,navyanchor37@opswise.net,2025-04-10 17:38:12
212,keenfield71,keenfield71@hackstack.io,2025-06-22 07:24:30
213,harborpioneer82,harborpioneer82@relay.cloud,2025-03-20 03:50:09
214,dawnlagoon50,dawnlagoon50@relay.cloud,2024-03-26 16:31:29
215,jadefield53,jadefield53@acme.dev,2024-09-20 10:08:25
216,vividlagoon51,vividlagoon51@hackstack.io,2026-01-31 21:45:21
217,urbanlagoon72,urbanlagoon72@hackstack.io,2025-01-19 03:46:35
218,ivorykernel40,ivorykernel40@example.com,2025-07-27 06:07:22
219,mellowtrail35,mellowtrail35@acme.dev,2025-05-18 07:02:08
220,amberzenith74,amberzenith74@relay.cloud,2025-12-09 22:09:08
221,calmnetwork63,calmnetwork63@acme.dev,2024-01-30 04:12:35
222,warmanchor82,warmanchor82@opswise.net,2024-05-03 02:37:08
223,silvergarden78,silvergarden78@seeded.app,2026-01-29 04:41:18
224,briskgarden72,briskgarden72@hackstack.io,2025-02-17 22:02:27
225,clearyard71,clearyard71@relay.cloud,2024-02-13 02:44:20
226,silverdelta79,silverdelta79@opswise.net,2024-12-29 14:10:44
227,forestpioneer27,forestpioneer27@acme.dev,2025-02-02 01:12:58
228,ivorypioneer31,ivorypioneer31@example.com,2024-11-06 10:13:29
229,clearuplink65,clearuplink65@example.com,2024-09-16 19:42:42
230,mellowlagoon30,mellowlagoon30@hackstack.io,2025-04-05 18:22:34
231,amberbeacon59,amberbeacon59@opswise.net,2024-08-05 13:35:04
232,ivoryvalley29,ivoryvalley29@acme.dev,2025-04-24 13:17:31
233,mellowjourney14,mellowjourney14@opswise.net,2025-09-30 05:21:54
234,harboryard55,harboryard55@seeded.app,2025-03-29 06:22:40
235,warmuplink22,warmuplink22@relay.cloud,2025-10-02 04:54:52
236,calmisland71,calmisland71@relay.cloud,2024-04-19 14:40:31
237,briskgarden39,briskgarden39@relay.cloud,2024-09-20 07:54:32
238,navylagoon95,navylagoon95@example.com,2025-04-27 19:16:26
239,ivoryharvest52,ivoryharvest52@relay.cloud,2025-12-08 18:38:59
240,cobaltzenith20,cobaltzenith20@example.com,2024-06-05 20:50:26
241,briskbeacon44,briskbeacon44@opswise.net,2024-12-19 09:50:34
242,vividsignal06,vividsignal06@hackstack.io,2024-08-18 16:46:18
243,silverwindow19,silverwindow19@relay.cloud,2024-08-06 06:04:53
244,briskharvest66,briskharvest66@seeded.app,2024-03-12 08:26:27
245,rapidpioneer50,rapidpioneer50@example.com,2025-04-22 05:39:19
246,youngcanyon64,youngcanyon64@hackstack.io,2024-02-07 08:01:25
247,cobaltgarden00,cobaltgarden00@opswise.net,2025-06-07 13:00:07
248,vividfield19,vividfield19@hackstack.io,2024-09-11 19:39:17
249,amberriver04,amberriver04@acme.dev,2025-04-25 22:44:46
250,clearkernel50,clearkernel50@opswise.net,2024-06-28 09:43:04
251,mellowjourney22,mellowjourney22@hackstack.io,2025-05-31 09:25:11
252,mellowuplink46,mellowuplink46@seeded.app,2025-12-19 01:16:43
253,navyanchor89,navyanchor89@seeded.app,2025-05-15 00:22:33
254,youngpioneer77,youngpioneer77@seeded.app,2024-08-19 08:48:00
255,warmpioneer65,warmpioneer65@hackstack.io,2024-11-20 15:32:33
256,ivorywindow11,ivorywindow11@seeded.app,2024-10-22 23:13:38
257,jadegarden75,jadegarden75@acme.dev,2026-01-26 15:47:38
258,proudkernel50,proudkernel50@seeded.app,2024-04-09 05:38:48
259,amberengine62,amberengine62@hackstack.io,2025-03-07 13:22:27
260,forestnetwork98,forestnetwork98@seeded.app,2024-12-01 16:48:09
261,briskcanyon87,briskcanyon87@opswise.net,2024-06-10 07:34:08
262,calmpioneer89,calmpioneer89@seeded.app,2024-04-10 11:01:08
263,livelyuplink66,livelyuplink66@hackstack.io,2025-06-03 07:35:34
264,proudkernel71,proudkernel71@seeded.app,2024-09-23 22:25:30
265,silverorbit61,silverorbit61@acme.dev,2025-02-12 19:47:27
266,warmuplink42,warmuplink42@hackstack.io,2025-08-08 10:09:07
267,mellowmeadow95,mellowmeadow95@hackstack.io,2025-11-07 20:33:00
268,embergarden25,embergarden25@hackstack.io,2024-11-25 09:50:28
269,proudkernel03,proudkernel03@seeded.app,2024-06-27 14:16:08
270,opalriver68,opalriver68@relay.cloud,2024-08-28 07:56:13
271,forestkernel92,forestkernel92@example.com,2025-03-22 00:49:11
272,quietpioneer00,quietpioneer00@example.com,2025-06-04 14:29:21
273,rapidvalley03,rapidvalley03@hackstack.io,2024-08-26 08:55:37
274,urbanwindow33,urbanwindow33@opswise.net,2024-06-11 07:33:11
275,briskcanyon61,briskcanyon61@hackstack.io,2024-12-20 02:06:53
276,harborbeacon74,harborbeacon74@seeded.app,2024-11-29 16:01:50
277,livelyfield75,livelyfield75@acme.dev,2025-04-24 09:13:56
278,proudharvest05,proudharvest05@hackstack.io,2024-11-10 07:32:46
279,embercanyon55,embercanyon55@acme.dev,2025-04-17 16:38:43
280,ivoryorbit73,ivoryorbit73@acme.dev,2024-04-22 20:27:36
281,goldorbit60,goldorbit60@hackstack.io,2025-02-19 16:28:45
282,dawnbeacon79,dawnbeacon79@relay.cloud,2025-11-19 13:20:52
283,navysignal06,navysignal06@acme.dev,2024-09-07 14:30:05
284,harborzenith93,harborzenith93@acme.dev,2025-10-26 11:39:17
285,calmzenith31,calmzenith31@relay.cloud,2024-10-20 12:28:12
286,forestwindow31,forestwindow31@relay.cloud,2024-10-09 17:01:56
287,tidyuplink60,tidyuplink60@example.com,2026-01-23 23:24:36
288,warmjourney55,warmjourney55@relay.cloud,2024-07-06 14:25:04
289,keenpioneer31,keenpioneer31@example.com,2026-01-05 22:03:21
290,dawnengine20,dawnengine20@seeded.app,2024-01-21 16:19:50
291,rapidgarden21,rapidgarden21@relay.cloud,2025-02-13 17:01:33
292,vividbeacon01,vividbeacon01@example.com,2024-03-22 08:28:23
293,goldmeadow89,goldmeadow89@example.com,2024-07-08 09:45:33
294,livelyriver07,livelyriver07@seeded.app,2025-01-09 07:07:09
295,urbantrail89,urbantrail89@opswise.net,2024-12-25 10:37:35
296,livelylagoon61,livelylagoon61@acme.dev,2026-01-04 17:29:21
297,harborbeacon99,harborbeacon99@example.com,2025-11-08 20:56:31
298,ivoryzenith49,ivoryzenith49@seeded.app,2025-06-15 09:05:00
299,livelyyard81,livelyyard81@seeded.app,2024-02-16 00:53:52
300,forestpioneer60,forestpioneer60@acme.dev,2025-01-28 01:45:34
301,emberquartz10,emberquartz10@opswise.net,2025-11-18 21:59:01
302,ambersignal92,ambersignal92@acme.dev,2025-08-08 02:59:15
303,clearnetwork86,clearnetwork86@relay.cloud,2025-05-21 09:33:13
304,goldbeacon41,goldbeacon41@hackstack.io,2024-05-08 08:42:07
305,opallagoon53,opallagoon53@hackstack.io,2025-01-30 02:21:22
306,clearpioneer63,clearpioneer63@relay.cloud,2024-03-24 03:51:21
307,goldfield84,goldfield84@opswise.net,2024-07-30 22:07:20
308,livelyisland93,livelyisland93@relay.cloud,2025-02-05 07:33:03
309,mellowisland68,mellowisland68@hackstack.io,2024-02-19 09:23:30
310,goldisland54,goldisland54@hackstack.io,2024-08-15 10:58:46
311,forestnetwork37,forestnetwork37@example.com,2024-01-24 18:56:26
312,warmnetwork15,warmnetwork15@relay.cloud,2025-11-18 02:14:08
313,brisktrail82,brisktrail82@hackstack.io,2025-10-16 23:08:20
314,opalzenith33,opalzenith33@opswise.net,2025-07-01 08:03:47
315,emberriver55,emberriver55@seeded.app,2025-04-12 05:19:56
316,ivorycanyon92,ivorycanyon92@seeded.app,2024-10-16 08:02:24
317,tidyyard43,tidyyard43@opswise.net,2025-02-09 01:58:16
318,jadegarden40,jadegarden40@seeded.app,2024-07-11 10:59:13
319,cobaltengine00,cobaltengine00@seeded.app,2025-01-11 21:16:29
320,emberengine95,emberengine95@relay.cloud,2024-05-21 12:08:23
321,navyharvest75,navyharvest75@hackstack.io,2024-03-07 04:42:19
322,calmorbit61,calmorbit61@relay.cloud,2024-12-23 21:15:22
323,opalengine77,opalengine77@hackstack.io,2025-12-11 10:56:43
324,youngisland80,youngisland80@seeded.app,2024-01-31 19:00:01
325,proudanchor88,proudanchor88@example.com,2025-04-03 05:16:01
326,forestzenith60,forestzenith60@seeded.app,2025-06-09 19:02:42
327,opalsignal87,opalsignal87@example.com,2024-05-27 20:24:37
328,ambermeadow97,ambermeadow97@opswise.net,2025-06-15 01:19:31
329,proudkernel62,proudkernel62@example.com,2024-07-01 17:55:46
330,jadewindow97,jadewindow97@opswise.net,2025-03-06 09:36:24
331,harborbeacon13,harborbeacon13@relay.cloud,2025-11-21 21:14:11
332,dawnjourney71,dawnjourney71@acme.dev,2024-07-14 10:49:27
333,urbananchor24,urbananchor24@seeded.app,2026-01-16 22:26:03
334,clearwindow32,clearwindow32@acme.dev,2026-01-09 12:16:26
335,navyriver06,navyriver06@opswise.net,2024-12-08 02:47:59
336,livelyzenith73,livelyzenith73@acme.dev,2025-10-06 08:02:06
337,tidyorbit15,tidyorbit15@example.com,2025-12-08 23:35:57
338,navyuplink43,navyuplink43@relay.cloud,2024-02-13 02:31:11
339,calmjourney12,calmjourney12@seeded.app,2024-10-21 21:27:16
340,emberisland75,emberisland75@acme.dev,2024-11-14 04:41:19
341,goldzenith95,goldzenith95@relay.cloud,2024-11-18 02:51:30
342,clearengine53,clearengine53@relay.cloud,2024-05-21 20:03:55
343,livelykernel35,livelykernel35@acme.dev,2024-09-06 11:48:21
344,silvermeadow58,silvermeadow58@acme.dev,2025-08-30 14:48:24
345,dawnsignal50,dawnsignal50@relay.cloud,2024-09-13 01:03:07
346,mellowdelta07,mellowdelta07@example.com,2024-02-16 11:55:22
347,vividbeacon09,vividbeacon09@hackstack.io,2024-01-24 17:29:09
348,tidypioneer21,tidypioneer21@relay.cloud,2025-08-28 03:02:50
349,calmriver02,calmriver02@acme.dev,2025-05-09 10:08:09
350,quietuplink27,quietuplink27@example.com,2025-09-23 19:40:57
351,vividlagoon89,vividlagoon89@relay.cloud,2025-05-22 04:39:50
352,warmjourney25,warmjourney25@opswise.net,2024-08-18 15:31:35
353,warmyard36,warmyard36@seeded.app,2025-06-20 07:48:26
354,opalquartz52,opalquartz52@hackstack.io,2024-05-11 00:20:10
355,jadecanyon10,jadecanyon10@example.com,2025-07-13 06:35:50
356,silverdelta50,silverdelta50@opswise.net,2024-12-22 04:08:35
357,clearyard17,clearyard17@acme.dev,2025-11-10 13:22:49
358,livelysignal52,livelysignal52@seeded.app,2024-02-04 01:29:54
359,livelyvalley82,livelyvalley82@hackstack.io,2024-04-07 23:07:48
360,jaderiver15,jaderiver15@hackstack.io,2025-03-25 15:15:29
361,cobaltengine77,cobaltengine77@opswise.net,2025-10-08 00:37:22
362,silverzenith11,silverzenith11@hackstack.io,2024-05-02 17:22:56
363,cobaltfield81,cobaltfield81@opswise.net,2025-07-06 05:49:41
364,rapiddelta54,rapiddelta54@seeded.app,2025-11-11 05:24:56
365,navyisland87,navyisland87@relay.cloud,2025-08-18 07:06:33
366,dawnjourney45,dawnjourney45@example.com,2024-08-06 04:47:52
367,dawnfield06,dawnfield06@acme.dev,2025-03-05 18:44:34
368,vividcanyon62,vividcanyon62@hackstack.io,2024-10-18 09:54:30
369,urbanfield39,urbanfield39@acme.dev,2024-01-15 11:48:18
370,dawnyard54,dawnyard54@example.com,2025-03-10 18:01:48
371,tidycanyon34,tidycanyon34@hackstack.io,2024-06-20 10:25:29
372,keencanyon92,keencanyon92@relay.cloud,2025-07-16 02:44:26
373,amberuplink69,amberuplink69@seeded.app,2025-07-04 02:35:13
374,clearisland11,clearisland11@acme.dev,2025-02-18 23:29:01
375,calmzenith35,calmzenith35@acme.dev,2024-10-02 20:59:58
376,silverdelta21,silverdelta21@relay.cloud,2025-03-14 11:43:46
377,silvertrail64,silvertrail64@opswise.net,2025-02-25 01:25:52
378,calmdelta59,calmdelta59@relay.cloud,2024-04-11 08:35:09
379,amberpioneer61,amberpioneer61@acme.dev,2024-05-04 02:12:17
380,navyfield23,navyfield23@relay.cloud,2024-09-21 13:57:31
381,youngtrail32,youngtrail32@hackstack.io,2024-07-12 15:07:20
382,rapidgarden97,rapidgarden97@example.com,2024-10-16 21:17:33
383,cobaltanchor88,cobaltanchor88@example.com,2025-03-22 15:01:03
384,navytrail72,navytrail72@opswise.net,2024-09-09 06:32:06
385,cobaltharvest11,cobaltharvest11@seeded.app,2024-01-27 16:15:34
386,urbananchor98,urbananchor98@relay.cloud,2025-02-26 13:38:56
387,navydelta56,navydelta56@opswise.net,2024-06-05 14:44:40
388,harborlagoon64,harborlagoon64@acme.dev,2025-11-02 00:56:13
389,dawnfield31,dawnfield31@relay.cloud,2024-08-10 21:43:10
390,clearlagoon23,clearlagoon23@acme.dev,2024-06-13 02:19:57
391,calmwindow97,calmwindow97@opswise.net,2025-04-23 08:20:46
392,vividyard41,vividyard41@acme.dev,2025-01-10 16:21:30
393,opalsignal39,opalsignal39@example.com,2024-07-09 07:53:00
394,clearvalley47,clearvalley47@seeded.app,2024-01-18 03:07:48
395,urbanisland78,urbanisland78@relay.cloud,2025-06-23 12:25:20
396,warmtrail23,warmtrail23@opswise.net,2024-03-19 22:15:23
397,opalfield31,opalfield31@opswise.net,2025-10-23 05:50:06
398,youngkernel66,youngkernel66@opswise.net,2025-01-23 05:44:15
399,jadelagoon92,jadelagoon92@hackstack.io,2024-02-07 21:34:30
400,warmgarden64,warmgarden64@example.com,2024-12-09 00:14:29
